{
  "home": {
    "note": "安全初始點",
    "arm_joint_indices": [
      0,
      1,
      2,
      3,
      4,
      5
    ],
    "arm_joints_rad": [
      3.5364819961358762e-09,
      -0.2595907151699066,
      -0.00017080253746826202,
      -9.063557808985934e-05,
      -6.973097583795607e-07,
      -1.6016803439100613e-09
    ],
    "all_joints_rad": [
      3.5364819961358762e-09,
      -0.2595907151699066,
      -0.00017080253746826202,
      -9.063557808985934e-05,
      -6.973097583795607e-07,
      -1.6016803439100613e-09
    ]
  },
  "pick_above": {
    "note": "above of goods, move_arm_joints([0.25, -0.8, 1.0, -0.0, 1.38, 0.24])",
    "arm_joint_indices": [
      0,
      1,
      2,
      3,
      4,
      5
    ],
    "arm_joints_rad": [
      0.2499903291463852,
      -0.7998490333557129,
      0.9999991655349731,
      2.00040864944458,
      1.380035400390625,
      0.24000005424022675
    ],
    "all_joints_rad": [
      0.2499903291463852,
      -0.7998490333557129,
      0.9999991655349731,
      2.00040864944458,
      1.380035400390625,
      0.24000005424022675
    ]
  },
  "arm1_home": {
    "note": "arm1_home",
    "arm_joint_indices": [
      0,
      1,
      2,
      3,
      4,
      5
    ],
    "arm_joints_rad": [
      -0.0,
      -2.0001,
      2.5,
      0.0,
      1.1,
      -0.0
    ],
    "all_joints_rad": [
      -0.0,
      -2.0001,
      2.5,
      0.0,
      1.1,
      -0.0
    ]
  },
  "arm1_goods_above": {
    "note": "above of goods",
    "arm_joint_indices": [
      0,
      1,
      2,
      3,
      4,
      5
    ],
    "arm_joints_rad": [
      0.25,
      -0.8,
      1.0,
      0.0006,
      1.3799,
      0.24
    ],
    "all_joints_rad": [
      0.25,
      -0.8,
      1.0,
      0.0006,
      1.3799,
      0.24,
      0.0,
      0.0
    ]
  },
  "arm1_goods_pick": {
    "note": "pick point",
    "arm_joint_indices": [
      0,
      1,
      2,
      3,
      4,
      5
    ],
    "arm_joints_rad": [
      0.25,
      -0.77,
      1.1003,
      -0.0,
      1.23,
      0.24
    ],
    "all_joints_rad": [
      0.25,
      -0.77,
      1.1003,
      -0.0,
      1.23,
      0.24
    ]
  },
  "test": {
    "note": "above of goods",
    "arm_joint_indices": [
      0,
      1,
      2,
      3,
      4,
      5
    ],
    "arm_joints_rad": [
      0.0,
      -1.1,
      1.8,
      -0.0,
      1.0,
      -0.0
    ],
    "all_joints_rad": [
      0.0,
      -1.1,
      1.8,
      -0.0,
      1.0,
      -0.0,
      -0.0,
      0.0
    ]
  },
  "arm1_box_above": {
    "note": "above of box",
    "arm_joint_indices": [
      0,
      1,
      2,
      3,
      4,
      5
    ],
    "arm_joints_rad": [
      -0.34,
      -0.65,
      0.53,
      0.0,
      1.66,
      -0.4
    ],
    "all_joints_rad": [
      -0.34,
      -0.65,
      0.53,
      0.0,
      1.66,
      -0.4
    ]
  },
  "arm1_box_place": {
    "note": "place the good",
    "arm_joint_indices": [
      0,
      1,
      2,
      3,
      4,
      5
    ],
    "arm_joints_rad": [
      -0.34,
      -0.6,
      0.7703,
      0.0,
      1.38,
      -0.38
    ],
    "all_joints_rad": [
      -0.34,
      -0.6,
      0.7703,
      0.0,
      1.38,
      -0.38
    ]
  },
  "arm2_home": {
    "note": "arm2_home",
    "arm_joint_indices": [
      0,
      1,
      2,
      3,
      4,
      5
    ],
    "arm_joints_rad": [
      -0.0,
      -2.0,
      2.5001,
      0.0,
      1.08,
      -0.0
    ],
    "all_joints_rad": [
      -0.0,
      -2.0,
      2.5001,
      0.0,
      1.08,
      -0.0
    ]
  },
  "arm2_lid_above": {
    "note": "above of lid",
    "arm_joint_indices": [
      0,
      1,
      2,
      3,
      4,
      5
    ],
    "arm_joints_rad": [
      -0.26,
      -0.6799,
      0.6503,
      0.01,
      1.57,
      -0.3
    ],
    "all_joints_rad": [
      -0.26,
      -0.6799,
      0.6503,
      0.01,
      1.57,
      -0.3
    ]
  },
  "arm2_lid_pick": {
    "note": "pick the lid",
    "arm_joint_indices": [
      0,
      1,
      2,
      3,
      4,
      5
    ],
    "arm_joints_rad": [
      -0.26,
      -0.6499,
      0.7303,
      0.01,
      1.48,
      -0.3
    ],
    "all_joints_rad": [
      -0.26,
      -0.6499,
      0.7303,
      0.01,
      1.48,
      -0.3
    ]
  },
  "arm2_lid_open_place_above": {
    "note": "above of lid place",
    "arm_joint_indices": [
      0,
      1,
      2,
      3,
      4,
      5
    ],
    "arm_joints_rad": [
      0.2,
      -0.7999,
      0.7303,
      0.01,
      1.6,
      0.2
    ],
    "all_joints_rad": [
      0.2,
      -0.7999,
      0.7303,
      0.01,
      1.6,
      0.2
    ]
  },
  "arm2_lid_open_place": {
    "note": "above of lid place",
    "arm_joint_indices": [
      0,
      1,
      2,
      3,
      4,
      5
    ],
    "arm_joints_rad": [
      0.2,
      -0.55,
      0.8203,
      0.01,
      1.32,
      0.2
    ],
    "all_joints_rad": [
      0.2,
      -0.55,
      0.8203,
      0.01,
      1.32,
      0.2
    ]
  },
  "arm2_box_cover_above": {
    "note": "above of lid",
    "arm_joint_indices": [
      0,
      1,
      2,
      3,
      4,
      5
    ],
    "arm_joints_rad": [
      -0.26,
      -0.6799,
      0.6503,
      0.01,
      1.57,
      -0.3
    ],
    "all_joints_rad": [
      -0.26,
      -0.6799,
      0.6503,
      0.01,
      1.57,
      -0.3
    ]
  },
  "arm2_box_cover_place": {
    "note": "lid cover",
    "arm_joint_indices": [
      0,
      1,
      2,
      3,
      4,
      5
    ],
    "arm_joints_rad": [
      -0.26,
      -0.6399,
      0.7101,
      0.009,
      1.4998,
      -0.3
    ],
    "all_joints_rad": [
      -0.26,
      -0.6399,
      0.7101,
      0.009,
      1.4998,
      -0.3,
      -0.0,
      0.0001
    ]
  },
  "arm1_safe_wait": {
    "note": "safe area of arm1",
    "arm_joint_indices": [
      0,
      1,
      2,
      3,
      4,
      5
    ],
    "arm_joints_rad": [
      0.0,
      -1.2,
      1.6,
      -0.0,
      1.18,
      -0.0
    ],
    "all_joints_rad": [
      0.0,
      -1.2,
      1.6,
      -0.0,
      1.18,
      -0.0,
      -0.0,
      0.0
    ]
  },
  "arm2_safe_wait": {
    "note": "safe area of arm2",
    "arm_joint_indices": [
      0,
      1,
      2,
      3,
      4,
      5
    ],
    "arm_joints_rad": [
      0.0,
      -1.2,
      1.6,
      -0.0,
      1.18,
      -0.0
    ],
    "all_joints_rad": [
      0.0,
      -1.2,
      1.6,
      -0.0,
      1.18,
      -0.0,
      -0.0,
      0.0
    ]
  }
}